threads,time
1,0.003466
2,0.002144
4,0.002221
8,0.004597
10,0.004611
