nodes,tasks,time
1,8,0.00016
1,16,0.000409
1,32,0.000967
1,64,0.001003
2,8,0.020866
2,16,0.022908
2,32,0.025081
2,64,0.036965